Code,Name,ListingDate,DelistingDate,Source
000020,동화약품,1976-03-24,,KOSPI-DESC
000040,KR모터스,1976-05-25,,KOSPI-DESC
000050,경방,1956-03-03,,KOSPI-DESC
000070,삼양홀딩스,1968-12-27,,KOSPI-DESC
000075,삼양홀딩스우,1992-02-21,2025-08-20,KRX-DELISTING
000080,하이트진로,2009-10-19,,KOSPI-DESC
000100,유한양행,1962-11-01,,KOSPI-DESC
000120,CJ대한통운,1956-07-02,,KOSPI-DESC
000140,하이트진로홀딩스,1973-09-19,,KOSPI-DESC
000150,두산,1973-06-29,,KOSPI-DESC
000180,성창기업지주,1976-06-02,,KOSPI-DESC
000210,DL,1976-02-02,,KOSPI-DESC
000220,유유제약,1975-11-18,,KOSPI-DESC
000230,일동홀딩스,1975-06-28,,KOSPI-DESC
000240,한국앤컴퍼니,1968-12-27,,KOSPI-DESC
000270,기아,1973-07-21,,KOSPI-DESC
000300,DH오토넥스,1975-06-09,,KOSPI-DESC
000320,노루홀딩스,1973-08-10,,KOSPI-DESC
000370,한화손해보험,1975-06-30,,KOSPI-DESC
000390,SP삼화,1993-09-10,,KOSPI-DESC
000400,롯데손해보험,1971-04-16,,KOSPI-DESC
000430,대원강업,1977-06-22,,KOSPI-DESC
000480,CR홀딩스,1978-06-30,,KOSPI-DESC
000490,대동,1975-06-27,,KOSPI-DESC
000500,가온전선,1987-06-08,,KOSPI-DESC
000520,삼일제약,1985-05-29,,KOSPI-DESC
000540,흥국화재,1974-12-05,,KOSPI-DESC
000590,CS홀딩스,1975-12-22,,KOSPI-DESC
000640,동아쏘시오홀딩스,1970-02-10,,KOSPI-DESC
000650,천일고속,1977-06-23,,KOSPI-DESC
000660,SK하이닉스,1996-12-26,,KOSPI-DESC
000670,영풍,1976-06-12,,KOSPI-DESC
000680,LS네트웍스,1973-11-15,,KOSPI-DESC
000700,유수홀딩스,1956-03-03,,KOSPI-DESC
000720,현대건설,1984-12-22,,KOSPI-DESC
000760,이화산업,1994-04-29,,KOSPI-DESC
000810,삼성화재,1975-06-30,,KOSPI-DESC
000850,화천기공,1999-11-18,,KOSPI-DESC
000860,강남제비스코,1975-11-12,,KOSPI-DESC
000880,한화,1976-06-24,,KOSPI-DESC
000885,한화우,1990-01-22,2025-07-15,KRX-DELISTING
000890,보해양조,1988-09-23,,KOSPI-DESC
000910,유니온,1996-07-03,,KOSPI-DESC
000950,전방,1968-10-21,,KOSPI-DESC
000970,한국주철관,1969-12-12,,KOSPI-DESC
000990,DB하이텍,1975-12-12,,KOSPI-DESC
001020,페이퍼코리아,1976-06-26,,KOSPI-DESC
001040,CJ,1973-06-29,,KOSPI-DESC
001060,JW중외제약,1976-06-14,,KOSPI-DESC
001070,대한방직,1973-12-28,,KOSPI-DESC
001080,만호제강,1977-06-18,,KOSPI-DESC
001120,LX인터내셔널,1976-01-30,,KOSPI-DESC
001130,대한제분,1970-11-25,,KOSPI-DESC
001140,국보,1989-12-02,2026-01-27,KRX-DELISTING
001200,유진투자증권,1987-08-24,,KOSPI-DESC
001210,금호전기,1973-11-15,,KOSPI-DESC
001230,동국홀딩스,1988-05-09,,KOSPI-DESC
001250,GS글로벌,1976-06-26,,KOSPI-DESC
001260,남광토건,1976-12-28,,KOSPI-DESC
001270,부국증권,1988-07-19,,KOSPI-DESC
001290,상상인증권,1988-09-23,,KOSPI-DESC
001340,PKC,1976-06-10,,KOSPI-DESC
001360,삼성제약,1975-07-04,,KOSPI-DESC
001380,SG글로벌,1976-06-29,,KOSPI-DESC
001390,KG케미칼,1989-08-25,,KOSPI-DESC
001420,태원물산,1975-06-24,,KOSPI-DESC
001430,세아베스틸지주,1991-03-12,,KOSPI-DESC
001440,대한전선,1968-12-27,,KOSPI-DESC
001450,현대해상,1989-08-25,,KOSPI-DESC
001460,BYC,1975-06-02,,KOSPI-DESC
001470,삼부토건,1976-06-26,,KOSPI-DESC
001500,현대차증권,1990-06-09,,KOSPI-DESC
001510,SK증권,1986-09-20,,KOSPI-DESC
001520,동양,1976-06-25,,KOSPI-DESC
001530,DI동일,1964-01-04,,KOSPI-DESC
001550,조비,1976-12-28,,KOSPI-DESC
001560,제일연마,2005-12-09,,KOSPI-DESC
001570,금양,1976-12-17,,KOSPI-DESC
001620,케이비아이동국실업,1990-09-15,,KOSPI-DESC
001630,종근당홀딩스,1976-06-30,,KOSPI-DESC
001680,대상,1970-04-01,,KOSPI-DESC
001720,신영증권,1987-08-24,,KOSPI-DESC
001740,SK네트웍스,1977-06-30,,KOSPI-DESC
001750,한양증권,1988-03-04,,KOSPI-DESC
001770,SHD,1988-11-23,,KOSPI-DESC
001780,알루코,2007-06-07,,KOSPI-DESC
001790,대한제당,1968-12-27,,KOSPI-DESC
001800,오리온홀딩스,1975-06-27,,KOSPI-DESC
001820,삼화콘덴서,1976-06-26,,KOSPI-DESC
001940,KISCO홀딩스,1989-11-13,,KOSPI-DESC
002020,코오롱,1975-06-23,,KOSPI-DESC
002030,아세아,1974-06-03,,KOSPI-DESC
002070,비비안,1976-07-13,,KOSPI-DESC
002100,경농,1977-06-30,,KOSPI-DESC
002140,고려산업,1991-01-14,,KOSPI-DESC
002150,도화엔지니어링,2010-08-12,,KOSPI-DESC
002170,SYTS,1989-11-10,,KOSPI-DESC
002200,한국수출포장,1974-06-28,,KOSPI-DESC
002210,동성제약,1990-01-19,,KOSPI-DESC
002220,한일철강,1988-10-07,,KOSPI-DESC
002240,고려제강,1976-05-25,,KOSPI-DESC
002310,아세아제지,1988-12-15,,KOSPI-DESC
002320,한진,1974-08-12,,KOSPI-DESC
002350,넥센타이어,1976-05-19,,KOSPI-DESC
002360,SH에너지화학,1985-12-23,,KOSPI-DESC
002380,KCC,1973-06-25,,KOSPI-DESC
002390,한독,1976-06-30,,KOSPI-DESC
002410,범양건영,1988-05-25,,KOSPI-DESC
002420,세기상사,1968-12-27,,KOSPI-DESC
002450,삼익악기,1988-09-30,,KOSPI-DESC
002460,HS화성,1988-09-29,,KOSPI-DESC
002600,조흥,1976-12-23,,KOSPI-DESC
002620,제일파마홀딩스,1988-01-20,,KOSPI-DESC
002630,오리엔트바이오,1976-12-28,,KOSPI-DESC
002690,동일제강,2015-09-24,,KOSPI-DESC
002700,신일전자,1975-09-30,,KOSPI-DESC
002710,TCC스틸,1984-12-21,,KOSPI-DESC
002720,국제약품,1975-12-27,,KOSPI-DESC
002760,보락,1989-11-30,,KOSPI-DESC
002780,진흥기업,1977-06-25,,KOSPI-DESC
002790,아모레퍼시픽홀딩스,1973-04-30,,KOSPI-DESC
002810,삼영무역,1988-03-28,,KOSPI-DESC
002820,SUN&L,1976-05-22,,KOSPI-DESC
002840,미원상사,1989-09-25,,KOSPI-DESC
002870,신풍,1976-06-30,,KOSPI-DESC
002880,디와이에이,1977-02-18,,KOSPI-DESC
002900,TYM,1973-06-26,,KOSPI-DESC
002920,유성기업,1988-10-10,,KOSPI-DESC
002960,한국쉘석유,1988-08-10,,KOSPI-DESC
002990,금호건설,1976-06-26,,KOSPI-DESC
003000,부광약품,1988-08-05,,KOSPI-DESC
003010,혜인,1988-09-20,,KOSPI-DESC
003030,세아제강지주,1969-05-13,,KOSPI-DESC
003060,에이프로젠바이오로직스,1984-10-19,,KOSPI-DESC
003070,코오롱글로벌,1978-09-15,,KOSPI-DESC
003080,SB성보,1976-12-23,,KOSPI-DESC
003090,대웅,1973-06-26,,KOSPI-DESC
003120,일성아이에스,1985-01-14,,KOSPI-DESC
003160,디아이,1996-07-31,,KOSPI-DESC
003200,일신방직,1973-05-23,,KOSPI-DESC
003220,대원제약,1999-12-15,,KOSPI-DESC
003230,삼양식품,1975-06-30,,KOSPI-DESC
003240,태광산업,1975-12-27,,KOSPI-DESC
003280,흥아해운,1976-06-29,,KOSPI-DESC
003300,한일홀딩스,1969-11-20,,KOSPI-DESC
003350,한국화장품제조,1978-02-06,,KOSPI-DESC
003460,유화증권,1987-08-24,,KOSPI-DESC
003470,유안타증권,1988-01-21,,KOSPI-DESC
003480,한진중공업홀딩스,1956-03-03,,KOSPI-DESC
003490,대한항공,1966-03-18,,KOSPI-DESC
003520,영진약품,1973-06-25,,KOSPI-DESC
003530,한화투자증권,1986-11-25,,KOSPI-DESC
003540,대신증권,1975-10-01,,KOSPI-DESC
003550,LG,1970-02-13,,KOSPI-DESC
003560,IHQ,1973-12-18,2026-01-15,KRX-DELISTING
003570,SNT다이내믹스,1976-07-08,,KOSPI-DESC
003580,HLB글로벌,1990-03-23,,KOSPI-DESC
003610,방림,1989-05-30,,KOSPI-DESC
003620,KG모빌리티,1975-05-29,,KOSPI-DESC
003650,미창석유,1989-09-27,,KOSPI-DESC
003670,포스코퓨처엠,2019-05-29,,KOSPI-DESC
003680,한성기업,1989-01-26,,KOSPI-DESC
003690,코리안리,1969-12-22,,KOSPI-DESC
003720,삼영,1976-06-30,,KOSPI-DESC
003780,진양산업,1973-06-26,,KOSPI-DESC
003830,대한화섬,1985-12-23,,KOSPI-DESC
003850,보령,1988-10-24,,KOSPI-DESC
003920,남양유업,1978-06-24,,KOSPI-DESC
003960,사조대림,1976-09-16,,KOSPI-DESC
004000,롯데정밀화학,1976-04-15,,KOSPI-DESC
004020,현대제철,1987-05-23,,KOSPI-DESC
004060,SG세계물산,1976-04-19,,KOSPI-DESC
004080,신흥,1991-02-08,,KOSPI-DESC
004090,한국석유,1977-06-25,,KOSPI-DESC
004100,태양금속,1976-05-25,,KOSPI-DESC
004140,동방,1988-08-10,,KOSPI-DESC
004150,한솔홀딩스,1972-05-17,,KOSPI-DESC
004170,신세계,1985-08-19,,KOSPI-DESC
004250,NPC,1969-09-08,,KOSPI-DESC
004270,남성,1989-11-14,,KOSPI-DESC
004310,현대약품,1978-06-28,,KOSPI-DESC
004360,세방,1977-05-19,,KOSPI-DESC
004370,농심,1976-06-30,,KOSPI-DESC
004380,삼익THK,1989-09-26,,KOSPI-DESC
004410,서울식품,1973-12-28,,KOSPI-DESC
004430,송원산업,1977-06-25,,KOSPI-DESC
004440,삼일씨엔에스,2016-03-30,,KOSPI-DESC
004450,삼화왕관,1976-05-28,,KOSPI-DESC
004490,세방전지,1987-11-28,,KOSPI-DESC
004540,깨끗한나라,1975-06-25,,KOSPI-DESC
004560,현대비앤지스틸,1987-03-24,,KOSPI-DESC
004690,삼천리,1976-12-23,,KOSPI-DESC
004700,조광피혁,1977-05-27,,KOSPI-DESC
004710,한솔테크닉스,1988-07-06,,KOSPI-DESC
004720,팜젠사이언스,1990-06-15,,KOSPI-DESC
004770,써니전자,1987-04-22,,KOSPI-DESC
004800,효성,1973-06-30,,KOSPI-DESC
004830,덕성,1987-09-25,,KOSPI-DESC
004840,DRB동일,1976-05-21,,KOSPI-DESC
004870,티웨이홀딩스,1977-06-30,,KOSPI-DESC
004890,동일산업,2005-06-30,,KOSPI-DESC
004910,조광페인트,1976-12-27,,KOSPI-DESC
004920,씨아이테크,1989-11-30,,KOSPI-DESC
004960,한신공영,1976-07-07,,KOSPI-DESC
004970,신라교역,1976-06-30,,KOSPI-DESC
004980,성신양회,1976-06-30,,KOSPI-DESC
004990,롯데지주,1974-02-16,,KOSPI-DESC
005010,휴스틸,1973-06-29,,KOSPI-DESC
005030,부산주공,1975-12-26,,KOSPI-DESC
005070,코스모신소재,1987-09-28,,KOSPI-DESC
005090,SGC에너지,1993-01-06,,KOSPI-DESC
005110,한창,1976-06-01,,KOSPI-DESC
005180,빙그레,1978-08-31,,KOSPI-DESC
005250,녹십자홀딩스,1978-08-28,,KOSPI-DESC
005300,롯데칠성,1973-06-21,,KOSPI-DESC
005320,온타이드,1996-12-24,,KOSPI-DESC
005360,모나미,1974-06-26,,KOSPI-DESC
005380,현대차,1974-06-28,,KOSPI-DESC
005390,신성통상,1975-12-22,2025-09-30,KRX-DELISTING
005420,코스모화학,1987-07-23,,KOSPI-DESC
005430,한국공항,1976-12-28,,KOSPI-DESC
005440,현대지에프홀딩스,1989-08-22,,KOSPI-DESC
005490,POSCO홀딩스,1988-06-10,,KOSPI-DESC
005500,삼진제약,1988-06-18,,KOSPI-DESC
005610,삼립,1975-05-02,,KOSPI-DESC
005680,삼영전자,1976-12-28,,KOSPI-DESC
005690,파미셀,1988-05-20,,KOSPI-DESC
005720,넥센,1987-12-19,,KOSPI-DESC
005740,크라운해태홀딩스,1976-06-30,,KOSPI-DESC
005750,대림바스,1992-12-23,,KOSPI-DESC
005800,신영와코루,1976-12-28,,KOSPI-DESC
005810,풍산홀딩스,1988-07-28,,KOSPI-DESC
005820,원림,1990-04-20,,KOSPI-DESC
005830,DB손해보험,1973-06-28,,KOSPI-DESC
005850,에스엘,1988-11-08,,KOSPI-DESC
005870,휴니드,1991-09-03,,KOSPI-DESC
005880,대한해운,1992-04-23,,KOSPI-DESC
005930,삼성전자,1975-06-11,,KOSPI-DESC
005940,NH투자증권,1975-09-30,,KOSPI-DESC
005950,이수화학,1988-04-28,,KOSPI-DESC
005960,동부건설,1978-10-30,,KOSPI-DESC
006040,동원산업,1989-03-07,,KOSPI-DESC
006060,화승인더,1991-02-04,,KOSPI-DESC
006090,사조오양,1986-12-24,,KOSPI-DESC
006110,삼아알미늄,1980-12-05,,KOSPI-DESC
006120,SK디스커버리,1976-06-29,,KOSPI-DESC
006200,한국전자홀딩스,1979-11-30,,KOSPI-DESC
006220,제주은행,1972-12-28,,KOSPI-DESC
006260,LS,1977-06-30,,KOSPI-DESC
006280,녹십자,1989-08-01,,KOSPI-DESC
006340,대원전선,1988-05-04,,KOSPI-DESC
006360,GS건설,1981-08-03,,KOSPI-DESC
006370,대구백화점,1988-10-10,,KOSPI-DESC
006380,카프로,1974-05-28,,KOSPI-DESC
006390,한일현대시멘트,1975-12-26,2025-11-21,KRX-DELISTING
006400,삼성SDI,1979-02-27,,KOSPI-DESC
006490,프리티,1985-01-17,,KOSPI-DESC
006570,대림통상,1975-11-20,,KOSPI-DESC
006650,대한유화,1999-08-11,,KOSPI-DESC
006660,삼성공조,1987-11-28,,KOSPI-DESC
006740,블루산업개발,1996-07-03,,KOSPI-DESC
006800,미래에셋증권,1975-09-30,,KOSPI-DESC
006840,AK홀딩스,1999-08-11,,KOSPI-DESC
006880,신송홀딩스,2013-11-21,,KOSPI-DESC
006890,태경케미컬,2003-01-28,,KOSPI-DESC
006980,우성,1988-10-10,,KOSPI-DESC
007070,GS리테일,2011-12-23,,KOSPI-DESC
007110,일신석재,1986-03-04,,KOSPI-DESC
007120,미래아이앤지,1999-11-26,,KOSPI-DESC
007160,사조산업,1989-07-25,,KOSPI-DESC
007210,벽산,1972-01-04,,KOSPI-DESC
007280,한국특강,1989-11-13,,KOSPI-DESC
007310,오뚜기,1994-08-12,,KOSPI-DESC
007340,DN오토모티브,1988-09-24,,KOSPI-DESC
007460,에이프로젠,1995-07-08,,KOSPI-DESC
007540,샘표,1976-06-29,,KOSPI-DESC
007570,일양약품,1974-08-28,,KOSPI-DESC
007590,동방아그로,1977-06-29,,KOSPI-DESC
007610,선도전기,1989-11-30,,KOSPI-DESC
007660,이수페타시스,2003-10-07,,KOSPI-DESC
007690,국도화학,1989-08-05,,KOSPI-DESC
007700,F&F홀딩스,1984-10-04,,KOSPI-DESC
007810,코리아써키트,1985-09-09,,KOSPI-DESC
007860,서연,1989-09-09,,KOSPI-DESC
007980,TP,1994-12-27,,KOSPI-DESC
008040,사조동아원,1989-06-24,,KOSPI-DESC
008060,대덕,1989-01-26,,KOSPI-DESC
008110,대동전자,1990-06-05,2026-03-30,KRX-DELISTING
008250,이건산업,1988-10-21,,KOSPI-DESC
008260,NI스틸,1975-06-28,,KOSPI-DESC
008350,남선알미늄,1978-05-22,,KOSPI-DESC
008420,문배철강,1994-11-05,,KOSPI-DESC
008490,서흥,1990-03-27,,KOSPI-DESC
008500,일정실업,1994-08-12,2026-06-30,KRX-DELISTING
008600,윌비스,1989-07-28,,KOSPI-DESC
008700,아남전자,1984-08-11,,KOSPI-DESC
008730,율촌화학,1988-08-30,,KOSPI-DESC
008770,호텔신라,1991-03-12,,KOSPI-DESC
008870,금비,1990-06-08,,KOSPI-DESC
008930,한미사이언스,1988-06-20,,KOSPI-DESC
008970,KBI동양철관,1977-03-05,,KOSPI-DESC
009070,KCTC,1978-09-29,,KOSPI-DESC
009140,경인전자,1989-06-20,,KOSPI-DESC
009150,삼성전기,1979-02-27,,KOSPI-DESC
009160,SIMPAC,1989-07-29,,KOSPI-DESC
009180,한솔로지스틱스,1989-11-13,,KOSPI-DESC
009190,대양금속,1994-04-29,,KOSPI-DESC
009200,무림페이퍼,1990-06-09,,KOSPI-DESC
009240,한샘,2002-07-16,,KOSPI-DESC
009270,신원,1988-08-24,,KOSPI-DESC
009290,광동제약,1989-11-17,,KOSPI-DESC
009310,참엔지니어링,1987-11-12,,KOSPI-DESC
009320,아진전자부품,1989-08-25,,KOSPI-DESC
009410,태영건설,1989-11-13,,KOSPI-DESC
009420,한올바이오파마,1989-12-18,,KOSPI-DESC
009440,KC그린홀딩스,1994-11-05,,KOSPI-DESC
009450,경동나비엔,1993-08-31,,KOSPI-DESC
009460,한창제지,1987-12-23,,KOSPI-DESC
009470,삼화전기,1986-11-24,,KOSPI-DESC
009540,HD한국조선해양,1999-08-24,,KOSPI-DESC
009580,무림P&P,1989-06-20,,KOSPI-DESC
009680,모토닉,1994-01-14,,KOSPI-DESC
009770,삼정펄프,2006-10-17,,KOSPI-DESC
009810,플레이그램,1988-08-31,,KOSPI-DESC
009830,한화솔루션,1974-06-19,,KOSPI-DESC
009900,명신산업,2020-12-07,,KOSPI-DESC
009970,영원무역홀딩스,1988-11-07,,KOSPI-DESC
010040,한국내화,2000-10-16,,KOSPI-DESC
010060,OCI홀딩스,1985-07-09,,KOSPI-DESC
010100,한국무브넥스,1987-10-02,,KOSPI-DESC
010120,LS ELECTRIC,1994-07-11,,KOSPI-DESC
010130,고려아연,1990-07-28,,KOSPI-DESC
010140,삼성중공업,1994-01-28,,KOSPI-DESC
010400,우진아이엔에스,2018-09-14,,KOSPI-DESC
010420,한솔PNS,1989-05-31,2025-09-25,KRX-DELISTING
010580,에스엠벡셀,1994-12-27,,KOSPI-DESC
010600,웰바이오텍,1997-07-18,2026-01-26,KRX-DELISTING
010620,HD현대미포,1983-12-20,2025-12-15,KRX-DELISTING
010640,진양폴리,1989-09-30,,KOSPI-DESC
010660,화천기계,1988-12-12,,KOSPI-DESC
010690,화신,1994-01-14,,KOSPI-DESC
010770,평화홀딩스,1986-03-31,,KOSPI-DESC
010780,아이에스동서,1986-01-27,,KOSPI-DESC
010820,퍼스텍,1989-05-10,,KOSPI-DESC
010950,S-Oil,1987-05-27,,KOSPI-DESC
010960,삼호개발,2005-05-12,,KOSPI-DESC
011000,진원생명과학,1987-11-16,,KOSPI-DESC
011070,LG이노텍,2008-07-24,,KOSPI-DESC
011090,에넥스,1995-07-08,,KOSPI-DESC
011150,CJ씨푸드,1988-11-26,,KOSPI-DESC
011170,롯데케미칼,1991-05-30,,KOSPI-DESC
011200,HMM,1995-10-05,,KOSPI-DESC
011210,현대위아,2011-02-21,,KOSPI-DESC
011230,삼화전자,1987-05-25,,KOSPI-DESC
011280,태림포장,1988-12-20,,KOSPI-DESC
011300,우성머티리얼스,1995-11-10,,KOSPI-DESC
011330,유니켐,1989-12-14,,KOSPI-DESC
011390,부산산업,1990-09-14,,KOSPI-DESC
011420,갤럭시아에스엠,1989-11-14,,KOSPI-DESC
011500,한농화성,2003-01-09,,KOSPI-DESC
011690,와이투솔루션,1995-12-21,,KOSPI-DESC
011700,한신기계,1987-07-24,,KOSPI-DESC
011760,현대코퍼레이션,1977-12-01,,KOSPI-DESC
011780,금호석유화학,1988-01-22,,KOSPI-DESC
011790,SKC,1997-07-18,,KOSPI-DESC
011810,STX,1990-09-12,,KOSPI-DESC
011930,신성이엔지,1996-07-31,,KOSPI-DESC
012030,DB,1993-01-06,,KOSPI-DESC
012160,영흥,2010-01-25,,KOSPI-DESC
012170,아센디오,1989-12-20,,KOSPI-DESC
012200,계양전기,1988-07-06,,KOSPI-DESC
012280,영화금속,1990-01-25,,KOSPI-DESC
012320,경동인베스트,1997-03-07,,KOSPI-DESC
012330,현대모비스,1989-09-05,,KOSPI-DESC
012450,한화에어로스페이스,1987-05-27,,KOSPI-DESC
012510,더존비즈온,1988-10-28,2026-07-15,KRX-DELISTING
012600,청호ICT,1990-07-10,2025-05-27,KRX-DELISTING
012610,경인양행,1995-10-05,,KOSPI-DESC
012630,HDC,1996-10-16,,KOSPI-DESC
012690,모나리자,1988-10-14,,KOSPI-DESC
012750,에스원,1996-01-30,,KOSPI-DESC
012800,대창,1989-12-05,,KOSPI-DESC
013000,세우글로벌,1989-09-05,,KOSPI-DESC
013360,일성건설,1989-12-02,,KOSPI-DESC
013520,화승코퍼레이션,1991-02-22,,KOSPI-DESC
013570,디와이,1989-05-30,,KOSPI-DESC
013580,계룡건설,1996-01-30,,KOSPI-DESC
013700,까뮤이앤씨,1989-11-30,,KOSPI-DESC
013870,지엠비코리아,2012-11-20,,KOSPI-DESC
013890,지누스,2019-10-30,,KOSPI-DESC
014130,한익스프레스,1989-07-25,,KOSPI-DESC
014160,대영포장,1990-03-06,,KOSPI-DESC
014280,금강공업,1988-09-10,,KOSPI-DESC
014440,영보화학,1997-08-27,,KOSPI-DESC
014530,극동유화,1991-01-31,,KOSPI-DESC
014580,태경비케이,1991-03-07,,KOSPI-DESC
014680,한솔케미칼,1989-05-20,,KOSPI-DESC
014710,사조씨푸드,2012-06-29,,KOSPI-DESC
014790,HL D&I,1994-08-12,,KOSPI-DESC
014820,동원시스템즈,1994-03-29,,KOSPI-DESC
014830,유니드,2004-12-03,,KOSPI-DESC
014910,성문전자,1990-03-24,,KOSPI-DESC
014990,인디에프,1989-06-20,,KOSPI-DESC
015020,이스타코,1988-12-23,,KOSPI-DESC
015230,대창단조,1989-07-25,,KOSPI-DESC
015260,에이엔피,1988-01-18,,KOSPI-DESC
015360,INVENI,1996-12-24,,KOSPI-DESC
015590,DKME,1989-05-27,,KOSPI-DESC
015760,한국전력,1989-08-10,,KOSPI-DESC
015860,일진홀딩스,1990-03-22,,KOSPI-DESC
015890,태경산업,1996-01-30,,KOSPI-DESC
016090,대현,1990-09-20,,KOSPI-DESC
016360,삼성증권,1988-03-28,,KOSPI-DESC
016380,KG스틸,1986-02-03,,KOSPI-DESC
016450,한세예스24홀딩스,2000-01-06,,KOSPI-DESC
016580,환인제약,1996-07-03,,KOSPI-DESC
016590,신대양제지,1995-12-21,,KOSPI-DESC
016610,DB증권,1988-06-27,,KOSPI-DESC
016710,대성홀딩스,1999-12-22,,KOSPI-DESC
016740,두올,2016-07-29,,KOSPI-DESC
016800,퍼시스,1996-12-24,,KOSPI-DESC
016880,웅진,1994-11-05,,KOSPI-DESC
017040,광명전기,1990-09-14,,KOSPI-DESC
017180,명문제약,2008-07-10,,KOSPI-DESC
017370,우신시스템,2002-05-28,,KOSPI-DESC
017390,서울가스,1995-08-18,,KOSPI-DESC
017550,수산세보틱스,1991-08-30,,KOSPI-DESC
017670,SK텔레콤,1989-11-07,,KOSPI-DESC
017800,현대엘리베이터,1996-07-03,,KOSPI-DESC
017810,풀무원,1995-10-05,,KOSPI-DESC
017860,DS단석,2023-12-22,,KOSPI-DESC
017900,광전자,1996-10-16,,KOSPI-DESC
017940,E1,1997-08-27,,KOSPI-DESC
017960,한국카본,1995-07-08,,KOSPI-DESC
018250,애경산업,2018-03-22,,KOSPI-DESC
018260,삼성에스디에스,2014-11-14,,KOSPI-DESC
018470,조일알미늄,1988-11-22,,KOSPI-DESC
018500,동원모빌리티,1995-11-10,,KOSPI-DESC
018670,SK가스,1997-08-27,,KOSPI-DESC
018880,한온시스템,1996-07-31,,KOSPI-DESC
019170,신풍제약,1990-01-20,,KOSPI-DESC
019180,티에이치엔,1996-07-31,,KOSPI-DESC
019440,세아특수강,2011-06-01,2026-02-12,KRX-DELISTING
019490,엑시큐어하이트론,1998-11-04,,KOSPI-DESC
019680,대교,2004-02-03,,KOSPI-DESC
020000,한섬,1996-07-03,,KOSPI-DESC
020120,키다리스튜디오,1996-07-03,,KOSPI-DESC
020150,롯데에너지머티리얼즈,2011-03-04,,KOSPI-DESC
020560,아시아나항공,2008-03-28,,KOSPI-DESC
020760,일진디스플,2002-01-09,,KOSPI-DESC
021050,서원,1996-01-30,,KOSPI-DESC
021240,코웨이,2001-08-07,,KOSPI-DESC
021820,세원정공,1996-07-03,,KOSPI-DESC
022100,포스코DX,2024-01-02,,KOSPI-DESC
023000,삼원강재,2011-07-22,,KOSPI-DESC
023150,MH에탄올,1996-12-24,,KOSPI-DESC
023350,한국종합기술,2011-04-28,,KOSPI-DESC
023450,동남합성,1996-12-24,,KOSPI-DESC
023530,롯데쇼핑,2006-02-09,,KOSPI-DESC
023590,다우기술,1997-08-27,,KOSPI-DESC
023800,인지컨트롤스,1997-06-23,,KOSPI-DESC
023810,인팩,2004-09-21,,KOSPI-DESC
023960,에쓰씨엔지니어링,1997-06-23,,KOSPI-DESC
024070,WISCOM,1996-11-22,,KOSPI-DESC
024090,디씨엠,1999-08-18,,KOSPI-DESC
024110,기업은행,2003-12-24,,KOSPI-DESC
024720,콜마홀딩스,2002-04-09,,KOSPI-DESC
024890,대원화성,1997-10-28,,KOSPI-DESC
024900,디와이덕양,1997-06-23,,KOSPI-DESC
025000,KPX케미칼,1994-12-27,,KOSPI-DESC
025530,SJM홀딩스,1997-02-12,,KOSPI-DESC
025540,한국단자,1996-10-16,,KOSPI-DESC
025560,미래산업,1996-11-22,,KOSPI-DESC
025620,차AI헬스케어,1995-07-08,,KOSPI-DESC
025750,한솔홈데코,2003-11-04,,KOSPI-DESC
025820,이구산업,1995-08-18,,KOSPI-DESC
025860,남해화학,1995-11-10,,KOSPI-DESC
025890,한국주강,1997-07-18,,KOSPI-DESC
026890,스틱인베스트먼트,1997-11-25,,KOSPI-DESC
026940,부국철강,2008-10-14,,KOSPI-DESC
026960,동서,2016-07-15,,KOSPI-DESC
027410,BGF,2014-05-19,,KOSPI-DESC
027740,마니커,2002-10-29,,KOSPI-DESC
027970,한국제지,1996-07-03,,KOSPI-DESC
028050,삼성E&A,1996-12-24,,KOSPI-DESC
028100,동아지질,2009-06-12,,KOSPI-DESC
028260,삼성물산,2014-12-18,,KOSPI-DESC
028670,팬오션,2007-09-21,,KOSPI-DESC
029460,케이씨,1997-11-25,,KOSPI-DESC
029530,신도리코,1996-12-24,,KOSPI-DESC
029780,삼성카드,2007-06-27,,KOSPI-DESC
030000,제일기획,1998-03-03,,KOSPI-DESC
030190,NICE평가정보,2023-08-08,,KOSPI-DESC
030200,KT,1998-12-23,,KOSPI-DESC
030210,다올투자증권,1996-11-19,,KOSPI-DESC
030610,교보증권,2002-07-18,,KOSPI-DESC
030720,동원수산,1996-11-22,,KOSPI-DESC
031430,신세계인터내셔날,2011-07-14,,KOSPI-DESC
031440,신세계푸드,2010-04-29,2026-08-11,KRX-DELISTING
031820,아이티센씨티에스,1997-02-12,,KOSPI-DESC
032350,롯데관광개발,2006-06-08,,KOSPI-DESC
032560,황금에스티,2009-10-29,,KOSPI-DESC
032640,LG유플러스,2008-04-21,,KOSPI-DESC
032830,삼성생명,2010-05-12,,KOSPI-DESC
033180,KH 필룩스,2001-12-26,2026-01-15,KRX-DELISTING
033240,자화전자,1999-01-06,,KOSPI-DESC
033250,체시스,1999-08-11,,KOSPI-DESC
033270,유나이티드제약,2007-10-23,,KOSPI-DESC
033530,SJG세종,2002-09-25,,KOSPI-DESC
033780,KT&G,1999-10-08,,KOSPI-DESC
033920,무학,2010-07-20,,KOSPI-DESC
034020,두산에너빌리티,2000-10-25,,KOSPI-DESC
034120,SBS,2003-06-25,,KOSPI-DESC
034220,LG디스플레이,2004-07-23,,KOSPI-DESC
034230,파라다이스,2024-06-24,,KOSPI-DESC
034300,신세계건설,2002-06-17,2025-02-24,KRX-DELISTING
034310,NICE,2004-02-04,,KOSPI-DESC
034590,인천도시가스,2006-11-07,,KOSPI-DESC
034730,SK,2009-11-11,,KOSPI-DESC
034830,한국토지신탁,2016-07-11,,KOSPI-DESC
035000,HS애드,1999-08-11,,KOSPI-DESC
035150,백산,1999-08-11,,KOSPI-DESC
035250,강원랜드,2003-09-04,,KOSPI-DESC
035420,NAVER,2008-11-28,,KOSPI-DESC
035510,신세계 I&C,2006-05-18,,KOSPI-DESC
035720,카카오,2017-07-10,,KOSPI-DESC
036420,콘텐트리중앙,2019-10-18,,KOSPI-DESC
036460,한국가스공사,1999-12-15,,KOSPI-DESC
036530,SNT홀딩스,2002-10-22,,KOSPI-DESC
036570,NC,2003-05-22,,KOSPI-DESC
036580,팜스코,1999-10-25,,KOSPI-DESC
037270,YG PLUS,2003-08-01,,KOSPI-DESC
037560,LG헬로비전,2012-11-09,,KOSPI-DESC
037710,광주신세계,2002-02-07,,KOSPI-DESC
039130,하나투어,2011-11-01,,KOSPI-DESC
039490,키움증권,2009-08-03,,KOSPI-DESC
039570,HDC랩스,2015-09-24,,KOSPI-DESC
041650,상신브레이크,2004-10-27,,KOSPI-DESC
042660,한화오션,2001-02-02,,KOSPI-DESC
042670,HD현대인프라코어,2001-02-02,2026-01-26,KRX-DELISTING
042700,한미반도체,2005-07-22,,KOSPI-DESC
044380,주연테크,2006-11-15,,KOSPI-DESC
044450,KSS해운,2007-10-26,,KOSPI-DESC
044820,코스맥스비티아이,2006-11-13,,KOSPI-DESC
047040,대우건설,2001-03-23,,KOSPI-DESC
047050,포스코인터내셔널,2001-03-23,,KOSPI-DESC
047400,유니온머티리얼,2009-09-29,,KOSPI-DESC
047810,한국항공우주,2011-06-30,,KOSPI-DESC
049770,동원F&B,2000-11-23,2025-07-31,KRX-DELISTING
049800,우진플라임,2006-05-24,,KOSPI-DESC
051600,한전KPS,2007-12-14,,KOSPI-DESC
051630,진양화학,2001-01-29,,KOSPI-DESC
051900,LG생활건강,2001-04-25,,KOSPI-DESC
051910,LG화학,2001-04-25,,KOSPI-DESC
052690,한전기술,2009-12-14,,KOSPI-DESC
053210,스카이라이프,2011-06-03,,KOSPI-DESC
053690,한미글로벌,2009-06-23,,KOSPI-DESC
055490,테이팩스,2017-10-31,,KOSPI-DESC
055550,신한지주,2001-09-10,,KOSPI-DESC
057050,현대홈쇼핑,2010-09-13,2026-07-20,KRX-DELISTING
058430,포스코스틸리온,2002-08-16,,KOSPI-DESC
058650,세아홀딩스,2001-07-30,,KOSPI-DESC
058730,다스코,2004-08-02,,KOSPI-DESC
058850,KTcs,2010-09-16,,KOSPI-DESC
058860,KTis,2010-12-17,,KOSPI-DESC
060980,HL홀딩스,2010-05-19,,KOSPI-DESC
062040,산일전기,2024-07-29,,KOSPI-DESC
063160,종근당바이오,2001-12-11,,KOSPI-DESC
064350,현대로템,2013-10-30,,KOSPI-DESC
064960,SNT모티브,2002-03-11,,KOSPI-DESC
066570,LG전자,2002-04-22,,KOSPI-DESC
066970,엘앤에프,2024-01-29,,KOSPI-DESC
067830,세이브존I&C,2002-07-25,,KOSPI-DESC
068270,셀트리온,2018-02-09,,KOSPI-DESC
068290,삼성출판사,2002-08-05,,KOSPI-DESC
069260,TKG휴켐스,2002-10-07,,KOSPI-DESC
069460,대호에이엘,2002-11-11,,KOSPI-DESC
069620,대웅제약,2002-11-01,,KOSPI-DESC
069640,한세엠케이,2011-06-21,,KOSPI-DESC
069730,DSR제강,2003-01-28,,KOSPI-DESC
069960,현대백화점,2002-11-25,,KOSPI-DESC
070960,모나용평,2016-05-27,,KOSPI-DESC
071050,한국금융지주,2003-07-21,,KOSPI-DESC
071090,하이스틸,2003-02-17,,KOSPI-DESC
071320,지역난방공사,2010-01-29,,KOSPI-DESC
071840,롯데하이마트,2011-06-29,,KOSPI-DESC
071950,코아스,2005-08-04,,KOSPI-DESC
071970,HD현대마린엔진,2009-05-15,,KOSPI-DESC
072130,유엔젤,2003-07-01,,KOSPI-DESC
072710,농심홀딩스,2003-07-30,,KOSPI-DESC
073240,금호타이어,2005-02-17,,KOSPI-DESC
074610,이엔플러스,2003-12-23,,KOSPI-DESC
075180,새론오토모티브,2005-10-21,,KOSPI-DESC
075580,세진중공업,2015-11-30,,KOSPI-DESC
077500,유니퀘스트,2004-08-05,,KOSPI-DESC
077970,STX엔진,2004-05-10,,KOSPI-DESC
078000,텔코웨어,2004-07-20,,KOSPI-DESC
078520,에이블씨엔씨,2011-09-07,,KOSPI-DESC
078930,GS,2004-08-05,,KOSPI-DESC
079160,CJ CGV,2004-12-24,,KOSPI-DESC
079430,현대리바트,2005-11-22,,KOSPI-DESC
079550,LIG디펜스앤에어로스페이스,2015-10-02,,KOSPI-DESC
079900,전진건설로봇,2024-08-19,,KOSPI-DESC
079980,휴비스,2012-02-23,,KOSPI-DESC
081000,일진다이아,2004-12-22,,KOSPI-DESC
081660,미스토홀딩스,2010-09-28,,KOSPI-DESC
082640,동양생명,2009-10-08,,KOSPI-DESC
082740,한화엔진,2011-01-04,,KOSPI-DESC
083420,그린케미칼,2005-10-20,,KOSPI-DESC
084010,대한제강,2005-10-31,,KOSPI-DESC
084670,동양고속,2005-07-25,,KOSPI-DESC
084680,이월드,2005-07-26,,KOSPI-DESC
084690,대상홀딩스,2005-08-17,,KOSPI-DESC
084870,TBH글로벌,2005-12-19,,KOSPI-DESC
085310,엔케이,2008-01-24,,KOSPI-DESC
085620,미래에셋생명,2015-07-08,,KOSPI-DESC
086280,현대글로비스,2005-12-26,,KOSPI-DESC
086790,하나금융지주,2005-12-12,,KOSPI-DESC
088260,이리츠코크렙,2018-06-27,,KOSPI-DESC
088350,한화생명,2010-03-17,,KOSPI-DESC
088790,진도,2006-03-28,,KOSPI-DESC
088980,맥쿼리인프라,2006-03-15,,KOSPI-DESC
089470,HDC현대EP,2006-09-25,,KOSPI-DESC
089590,제주항공,2015-11-06,,KOSPI-DESC
089860,롯데렌탈,2021-08-19,,KOSPI-DESC
090080,평화산업,2006-06-02,,KOSPI-DESC
090350,노루페인트,2006-07-03,,KOSPI-DESC
090370,메타랩스,2006-12-26,,KOSPI-DESC
090430,아모레퍼시픽,2006-06-29,,KOSPI-DESC
090460,비에이치,2023-06-20,,KOSPI-DESC
091090,세원이앤씨,2006-07-31,2025-10-27,KRX-DELISTING
091810,트리니티항공,2018-08-01,,KOSPI-DESC
092200,디아이씨,2007-10-18,,KOSPI-DESC
092220,KEC,2006-10-16,,KOSPI-DESC
092230,KPX홀딩스,2006-10-12,,KOSPI-DESC
092440,기신정기,2007-10-30,,KOSPI-DESC
092780,DYP,2017-12-08,,KOSPI-DESC
092790,넥스틸,2023-08-21,,KOSPI-DESC
093050,LF,2006-12-01,,KOSPI-DESC
093230,이아이디,2007-11-01,2025-09-11,KRX-DELISTING
093240,형지엘리트,2009-09-28,,KOSPI-DESC
093370,후성,2006-12-22,,KOSPI-DESC
094280,효성ITX,2007-10-25,,KOSPI-DESC
094800,맵스리얼티,2007-04-09,,KOSPI-DESC
095570,AJ네트웍스,2015-08-21,,KOSPI-DESC
095720,웅진씽크빅,2007-05-31,,KOSPI-DESC
096760,JW홀딩스,2007-07-31,,KOSPI-DESC
096770,SK이노베이션,2007-07-25,,KOSPI-DESC
097230,HJ중공업,2007-08-31,,KOSPI-DESC
097520,엠씨넥스,2021-07-06,,KOSPI-DESC
097950,CJ제일제당,2007-09-28,,KOSPI-DESC
100090,SK오션플랜트,2023-04-19,,KOSPI-DESC
100220,비상교육,2008-06-30,,KOSPI-DESC
100250,진양홀딩스,2008-02-15,,KOSPI-DESC
100840,SNT에너지,2008-02-22,,KOSPI-DESC
101140,인바이오젠,2008-04-02,,KOSPI-DESC
101530,해태제과식품,2016-05-11,,KOSPI-DESC
102260,동성케미컬,2008-06-23,,KOSPI-DESC
102280,쌍방울,2008-06-10,2025-11-28,KRX-DELISTING
102460,이연제약,2010-06-10,,KOSPI-DESC
103140,풍산,2008-07-30,,KOSPI-DESC
103590,일진전기,2008-08-01,,KOSPI-DESC
104700,한국철강,2008-09-29,,KOSPI-DESC
105560,KB금융,2008-10-10,,KOSPI-DESC
105630,한세실업,2009-03-20,,KOSPI-DESC
105840,우진,2010-07-26,,KOSPI-DESC
107590,미원홀딩스,2009-03-02,,KOSPI-DESC
108320,LX세미콘,2022-11-03,,KOSPI-DESC
108670,LX하우시스,2009-04-20,,KOSPI-DESC
109070,주성코퍼레이션,2009-03-17,,KOSPI-DESC
111110,호전실업,2017-02-02,,KOSPI-DESC
111380,동인기연,2023-11-21,,KOSPI-DESC
111770,영원무역,2009-07-30,,KOSPI-DESC
112610,씨에스윈드,2014-11-27,,KOSPI-DESC
114090,GKL,2009-11-19,,KOSPI-DESC
117580,대성에너지,2010-12-24,,KOSPI-DESC
118000,메타케어,2009-12-30,,KOSPI-DESC
119650,KC코트렐,2010-01-29,,KOSPI-DESC
120030,조선선재,2010-02-19,,KOSPI-DESC
120110,코오롱인더,2010-02-01,,KOSPI-DESC
122900,아이마켓코리아,2010-07-30,,KOSPI-DESC
123690,한국화장품,2010-06-01,,KOSPI-DESC
123700,SJM,2010-05-31,,KOSPI-DESC
123890,한국자산신탁,2016-07-13,,KOSPI-DESC
126560,현대퓨처넷,2010-12-23,,KOSPI-DESC
126720,수산인더스트리,2022-08-01,,KOSPI-DESC
128820,대성산업,2010-07-30,,KOSPI-DESC
128940,한미약품,2010-07-30,,KOSPI-DESC
129260,인터지스,2011-12-16,,KOSPI-DESC
130660,한전산업,2010-12-16,,KOSPI-DESC
133820,화인베스틸,2014-07-22,,KOSPI-DESC
134380,미원화학,2011-02-15,,KOSPI-DESC
134790,시디즈,2011-01-25,,KOSPI-DESC
136490,선진,2011-02-16,,KOSPI-DESC
137310,에스디바이오센서,2021-07-16,,KOSPI-DESC
138040,메리츠금융지주,2011-05-13,,KOSPI-DESC
138490,코오롱ENP,2011-06-15,2026-04-16,KRX-DELISTING
138930,BNK금융지주,2011-03-30,,KOSPI-DESC
139130,iM금융지주,2011-06-07,,KOSPI-DESC
139480,이마트,2011-06-10,,KOSPI-DESC
139990,아주스틸,2021-08-20,,KOSPI-DESC
143210,핸즈코퍼레이션,2016-12-02,,KOSPI-DESC
145210,다이나믹디자인,2015-03-19,,KOSPI-DESC
145270,케이탑리츠,2012-01-31,,KOSPI-DESC
145720,덴티움,2017-03-15,,KOSPI-DESC
145990,삼양사,2011-12-05,,KOSPI-DESC
155660,DSR,2013-05-15,,KOSPI-DESC
161000,애경케미칼,2012-09-17,,KOSPI-DESC
161390,한국타이어앤테크놀로지,2012-10-04,,KOSPI-DESC
161890,한국콜마,2012-10-19,,KOSPI-DESC
163560,동일고무벨트,2012-10-19,,KOSPI-DESC
170900,동아에스티,2013-04-08,,KOSPI-DESC
175330,JB금융지주,2013-07-18,,KOSPI-DESC
178920,PI첨단소재,2021-08-09,,KOSPI-DESC
180640,한진칼,2013-09-16,,KOSPI-DESC
181710,NHN,2013-08-29,,KOSPI-DESC
183190,아세아시멘트,2013-11-06,,KOSPI-DESC
185750,종근당,2013-12-06,,KOSPI-DESC
192080,더블유게임즈,2019-03-12,,KOSPI-DESC
192400,쿠쿠홀딩스,2014-08-06,,KOSPI-DESC
192650,드림텍,2019-03-14,,KOSPI-DESC
192820,코스맥스,2014-04-07,,KOSPI-DESC
194370,제이에스코퍼레이션,2016-02-04,,KOSPI-DESC
195870,해성디에스,2016-06-24,,KOSPI-DESC
200880,서연이화,2014-08-08,,KOSPI-DESC
204320,HL만도,2014-10-06,,KOSPI-DESC
207940,삼성바이오로직스,2016-11-10,,KOSPI-DESC
210540,디와이파워,2015-01-15,,KOSPI-DESC
210980,SK디앤디,2015-06-23,,KOSPI-DESC
213500,한솔제지,2015-01-26,,KOSPI-DESC
214320,이노션,2015-07-17,,KOSPI-DESC
214330,금호에이치티,2015-11-11,,KOSPI-DESC
214390,경보제약,2015-06-29,,KOSPI-DESC
214420,토니모리,2015-07-10,,KOSPI-DESC
226320,잇츠한불,2015-12-28,,KOSPI-DESC
227840,현대코퍼레이션홀딩스,2015-10-23,,KOSPI-DESC
229640,LS에코에너지,2016-09-22,,KOSPI-DESC
234080,JW생명과학,2016-10-27,,KOSPI-DESC
241560,두산밥캣,2016-11-18,,KOSPI-DESC
241590,화승엔터프라이즈,2016-10-04,,KOSPI-DESC
244920,에이플러스에셋,2020-11-20,,KOSPI-DESC
248070,솔루엠,2021-02-02,,KOSPI-DESC
248170,샘표식품,2016-08-09,,KOSPI-DESC
249420,일동제약,2016-08-31,,KOSPI-DESC
251270,넷마블,2017-05-12,,KOSPI-DESC
259960,크래프톤,2021-08-10,,KOSPI-DESC
264900,크라운제과,2017-04-11,,KOSPI-DESC
267250,HD현대,2017-05-10,,KOSPI-DESC
267260,HD현대일렉트릭,2017-05-10,,KOSPI-DESC
267270,HD건설기계,2017-05-10,,KOSPI-DESC
267290,경동도시가스,2017-05-12,,KOSPI-DESC
267850,아시아나IDT,2018-11-23,,KOSPI-DESC
268280,미원에스씨,2017-05-22,,KOSPI-DESC
271560,오리온,2017-07-07,,KOSPI-DESC
271940,일진하이솔루스,2021-09-01,,KOSPI-DESC
271980,제일약품,2017-07-17,,KOSPI-DESC
272210,한화시스템,2019-11-13,,KOSPI-DESC
272450,진에어,2017-12-08,,KOSPI-DESC
272550,삼양패키징,2017-11-29,,KOSPI-DESC
278470,에이피알,2024-02-27,,KOSPI-DESC
280360,롯데웰푸드,2017-10-30,,KOSPI-DESC
281820,케이씨텍,2017-12-05,,KOSPI-DESC
282330,BGF리테일,2017-12-08,,KOSPI-DESC
284740,쿠쿠홈시스,2018-01-11,,KOSPI-DESC
285130,SK케미칼,2018-01-05,,KOSPI-DESC
286940,롯데이노베이트,2018-07-27,,KOSPI-DESC
293480,하나제약,2018-10-02,,KOSPI-DESC
293940,신한알파리츠,2018-08-08,,KOSPI-DESC
294870,IPARK현대산업개발,2018-06-12,,KOSPI-DESC
298000,효성화학,2018-07-13,,KOSPI-DESC
298020,효성티앤씨,2018-07-13,,KOSPI-DESC
298040,효성중공업,2018-07-13,,KOSPI-DESC
298050,HS효성첨단소재,2018-07-13,,KOSPI-DESC
298690,에어부산,2018-12-27,,KOSPI-DESC
300720,한일시멘트,2018-08-06,,KOSPI-DESC
302440,SK바이오사이언스,2021-03-18,,KOSPI-DESC
306200,세아제강,2018-10-05,,KOSPI-DESC
307950,현대오토에버,2019-03-28,,KOSPI-DESC
308170,씨티알모빌리티,2019-11-25,,KOSPI-DESC
316140,우리금융지주,2019-02-13,,KOSPI-DESC
317400,자이에스앤디,2019-11-06,,KOSPI-DESC
322000,HD현대에너지솔루션,2019-11-19,,KOSPI-DESC
323410,카카오뱅크,2021-08-06,,KOSPI-DESC
326030,SK바이오팜,2020-07-02,,KOSPI-DESC
329180,HD현대중공업,2021-09-17,,KOSPI-DESC
330590,롯데리츠,2019-10-30,,KOSPI-DESC
334890,이지스밸류플러스리츠,2020-07-16,,KOSPI-DESC
336260,두산퓨얼셀,2019-10-18,,KOSPI-DESC
336370,솔루스첨단소재,2019-10-18,,KOSPI-DESC
338100,NH프라임리츠,2019-12-05,,KOSPI-DESC
339770,교촌에프앤비,2020-11-12,,KOSPI-DESC
344820,KCC글라스,2020-01-21,,KOSPI-DESC
348950,제이알글로벌리츠,2020-08-07,,KOSPI-DESC
350520,이지스레지던스리츠,2020-08-05,,KOSPI-DESC
352820,하이브,2020-10-15,,KOSPI-DESC
353200,대덕전자,2020-05-21,,KOSPI-DESC
357120,코람코라이프인프라리츠,2020-08-31,,KOSPI-DESC
357250,미래에셋맵스리츠,2020-08-05,,KOSPI-DESC
357430,마스턴프리미어리츠,2022-05-31,,KOSPI-DESC
361610,SK아이이테크놀로지,2021-05-11,,KOSPI-DESC
363280,티와이홀딩스,2020-09-22,,KOSPI-DESC
365550,ESR켄달스퀘어리츠,2020-12-23,,KOSPI-DESC
372910,한컴라이프케어,2021-08-17,,KOSPI-DESC
373220,LG에너지솔루션,2022-01-27,,KOSPI-DESC
375500,DL이앤씨,2021-01-25,,KOSPI-DESC
377190,디앤디플랫폼리츠,2021-08-27,,KOSPI-DESC
377300,카카오페이,2021-11-03,,KOSPI-DESC
377740,바이오노트,2022-12-22,,KOSPI-DESC
378850,화승알앤에이,2021-03-15,,KOSPI-DESC
381970,케이카,2021-10-13,,KOSPI-DESC
383220,F&F,2021-05-21,,KOSPI-DESC
383800,LX홀딩스,2021-05-27,,KOSPI-DESC
395400,SK리츠,2021-09-14,,KOSPI-DESC
396690,미래에셋글로벌리츠,2021-12-03,,KOSPI-DESC
400760,NH올원리츠,2021-11-18,,KOSPI-DESC
402340,SK스퀘어,2021-11-29,,KOSPI-DESC
403550,쏘카,2022-08-22,,KOSPI-DESC
404990,신한서부티엔디리츠,2021-12-10,,KOSPI-DESC
415640,KB발해인프라,2024-11-29,,KOSPI-DESC
417310,코람코더원리츠,2022-03-28,,KOSPI-DESC
432320,KB스타리츠,2022-10-06,,KOSPI-DESC
443060,HD현대마린솔루션,2024-05-08,,KOSPI-DESC
446070,유니드비티플러스,2022-11-28,,KOSPI-DESC
448730,삼성FN리츠,2023-04-10,,KOSPI-DESC
450080,에코프로머티,2023-11-17,,KOSPI-DESC
450140,코오롱모빌리티그룹,2023-01-31,2026-01-07,KRX-DELISTING
45014K,코오롱모빌리티그룹우,2023-01-31,2026-01-07,KRX-DELISTING
451800,한화리츠,2023-03-27,,KOSPI-DESC
452260,한화갤러리아,2023-03-31,,KOSPI-DESC
453340,현대그린푸드,2023-04-10,,KOSPI-DESC
454910,두산로보틱스,2023-10-05,,KOSPI-DESC
456040,OCI,2023-05-30,,KOSPI-DESC
457190,이수스페셜티케미컬,2023-05-31,,KOSPI-DESC
460850,동국씨엠,2023-06-16,,KOSPI-DESC
460860,동국제강,2023-06-16,,KOSPI-DESC
462520,조선내화,2023-07-28,,KOSPI-DESC
462870,시프트업,2024-07-11,,KOSPI-DESC
465770,STX그린로지스,2023-09-15,,KOSPI-DESC
475150,SK이터닉스,2024-03-29,,KOSPI-DESC
475560,더본코리아,2024-11-06,,KOSPI-DESC
481850,신한글로벌액티브리츠,2024-07-01,,KOSPI-DESC
484870,엠앤씨솔루션,2024-12-16,,KOSPI-DESC
487570,HS효성,2024-07-29,,KOSPI-DESC
489790,한화비전,2024-09-27,,KOSPI-DESC
499790,GS피앤엘,2024-12-23,,KOSPI-DESC
900140,엘브이엠씨홀딩스,2010-11-30,,KOSPI-DESC
950210,프레스티지바이오파마,2021-02-05,,KOSPI-DESC
